{
    "input_channel_names": [
        "ws",
        "ti",
        "shear",
        "wdir",
        "dist"
    ],
    "output_channel_name": "MomentMx Mbdy:tower nodenr:   1 coo: tower  tower bottom moment",
    "wind_speed_cut_in": 4.0,
    "wind_speed_cut_out": 25.0,
    "wohler_exponent": 4,
    "input_scalers": {
        "below_cut_in": {
            "feature_range": [
                -4.0,
                4.0
            ],
            "copy": true,
            "n_features_in_": 5,
            "n_samples_seen_": 809,
            "scale_": [
                2.0520607572483756,
                5.373857893419336,
                13.346616528964988,
                0.08904933641875029,
                0.010379693962097985
            ],
            "min_": [
                -4.206270588809255,
                -4.026719863974512,
                -2.6714467317955006,
                0.00301297591818539,
                -4.031171799779834
            ],
            "data_min_": [
                0.1005187532,
                0.004972194,
                -0.0995423271,
                -44.9527546965,
                3.0031521058
            ],
            "data_max_": [
                3.9990388003,
                1.4936606109,
                0.499860524,
                44.8850848847,
                773.7387854696
            ],
            "data_range_": [
                3.8985200471000003,
                1.4886884168999999,
                0.5994028511,
                89.8378395812,
                770.7356333637999
            ]
        },
        "above_cut_out": {
            "feature_range": [
                -4.0,
                4.0
            ],
            "copy": true,
            "n_features_in_": 5,
            "n_samples_seen_": 347,
            "scale_": [
                1.6295575759017566,
                22.765982833846216,
                13.416704696064565,
                0.08908391001636787,
                0.015135500726178941
            ],
            "min_": [
                -44.79174013292665,
                -4.064390650186945,
                -2.677933274668322,
                7.143032082801426e-05,
                -4.045464830222451
            ],
            "data_min_": [
                25.0324018839,
                0.0028283712,
                -0.0985388555,
                -44.9022885231,
                3.0038537241
            ],
            "data_max_": [
                29.941709857,
                0.3542298485,
                0.4977327463,
                44.9006848593,
                531.5625148963
            ],
            "data_range_": [
                4.909307973099999,
                0.3514014773,
                0.5962716017999999,
                89.8029733824,
                528.5586611721999
            ]
        },
        "operating": {
            "feature_range": [
                -4.0,
                4.0
            ],
            "copy": true,
            "n_features_in_": 5,
            "n_samples_seen_": 3837,
            "scale_": [
                0.3811095004271243,
                15.277965481111076,
                13.337554618242715,
                0.08889835364906937,
                0.008561220781432892
            ],
            "min_": [
                -5.524981689358597,
                -4.0008155118248405,
                -2.6677115744870976,
                3.337518002854978e-05,
                -4.025685906955127
            ],
            "data_min_": [
                4.0014265917,
                5.33783e-05,
                -0.0998900071,
                -44.9955844061,
                3.0002621835
            ],
            "data_max_": [
                24.9927689514,
                0.5236833086,
                0.4999200952,
                44.9948335445,
                937.4464357187
            ],
            "data_range_": [
                20.9913423597,
                0.5236299303,
                0.5998101023,
                89.9904179506,
                934.4461735351999
            ]
        }
    },
    "output_scalers": {
        "below_cut_in": {
            "feature_range": [
                -1.0,
                1.0
            ],
            "copy": true,
            "n_features_in_": 1,
            "n_samples_seen_": 810,
            "scale_": [
                0.0003636787123161356
            ],
            "min_": [
                -1.0
            ],
            "data_min_": [
                0.0
            ],
            "data_max_": [
                5499.359550804438
            ],
            "data_range_": [
                5499.359550804438
            ]
        },
        "above_cut_out": {
            "feature_range": [
                -1.0,
                1.0
            ],
            "copy": true,
            "n_features_in_": 1,
            "n_samples_seen_": 348,
            "scale_": [
                0.0001902500092474006
            ],
            "min_": [
                -1.0
            ],
            "data_min_": [
                0.0
            ],
            "data_max_": [
                10512.483063268635
            ],
            "data_range_": [
                10512.483063268635
            ]
        },
        "operating": {
            "feature_range": [
                -1.0,
                1.0
            ],
            "copy": true,
            "n_features_in_": 1,
            "n_samples_seen_": 3838,
            "scale_": [
                7.060031857030584e-05
            ],
            "min_": [
                -1.0
            ],
            "data_min_": [
                0.0
            ],
            "data_max_": [
                28328.48407062557
            ],
            "data_range_": [
                28328.48407062557
            ]
        }
    }
}