{
    "input_channel_names": [
        "ti",
        "ws",
        "shear"
    ],
    "output_channel_name": "MomentMx Mbdy:blade1 nodenr:   1 coo: blade1  blade root moment blade1",
    "wind_speed_cut_in": 4.0,
    "wind_speed_cut_out": 25.0,
    "wohler_exponent": 10,
    "input_scalers": {
        "below_cut_in": {
            "feature_range": [
                -3.0,
                3.0
            ],
            "copy": true,
            "n_features_in_": 3,
            "n_samples_seen_": 290,
            "scale_": [
                4.093931847815023,
                1.5527559984108794,
                10.034296914116865
            ],
            "min_": [
                -3.00460564098673,
                -3.206397077344649,
                -2.0024497794364287
            ],
            "data_min_": [
                0.0011249921,
                0.1329230591,
                -0.0994140625
            ],
            "data_max_": [
                1.4667087446,
                3.997020191,
                0.4985351562
            ],
            "data_range_": [
                1.4655837525,
                3.8640971319,
                0.5979492187
            ]
        },
        "above_cut_out": {
            "feature_range": [
                -3.0,
                3.0
            ],
            "copy": true,
            "n_features_in_": 3,
            "n_samples_seen_": 138,
            "scale_": [
                17.108732300045514,
                1.2235952583871186,
                10.058939096267192
            ],
            "min_": [
                -3.028362517654116,
                -33.59896481247119,
                -2.0029469543104126
            ],
            "data_min_": [
                0.0016577802,
                25.0074234946,
                -0.0991210938
            ],
            "data_max_": [
                0.3523558854,
                29.9110057526,
                0.4973632812
            ],
            "data_range_": [
                0.3506981052,
                4.903582258,
                0.596484375
            ]
        },
        "operating": {
            "feature_range": [
                -3.0,
                3.0
            ],
            "copy": true,
            "n_features_in_": 3,
            "n_samples_seen_": 1572,
            "scale_": [
                11.79559835553993,
                0.28710421679370607,
                10.014669925814587
            ],
            "min_": [
                -3.000817363012889,
                -4.148878985987874,
                -2.0014669922476362
            ],
            "data_min_": [
                6.92939e-05,
                4.0016095856,
                -0.0997070313
            ],
            "data_max_": [
                0.5087336125,
                24.8999442287,
                0.4994140625
            ],
            "data_range_": [
                0.5086643186,
                20.8983346431,
                0.5991210938
            ]
        }
    },
    "output_scalers": {
        "below_cut_in": {
            "feature_range": [
                -1.0,
                1.0
            ],
            "copy": true,
            "n_features_in_": 1,
            "n_samples_seen_": 290,
            "scale_": [
                0.0044128736952490375
            ],
            "min_": [
                -16.790881035417325
            ],
            "data_min_": [
                3578.366870644408
            ],
            "data_max_": [
                4031.586277796992
            ],
            "data_range_": [
                453.2194071525837
            ]
        },
        "above_cut_out": {
            "feature_range": [
                -1.0,
                1.0
            ],
            "copy": true,
            "n_features_in_": 1,
            "n_samples_seen_": 138,
            "scale_": [
                0.004608273201192155
            ],
            "min_": [
                -15.907513088691113
            ],
            "data_min_": [
                3234.945594118542
            ],
            "data_max_": [
                3668.947640586317
            ],
            "data_range_": [
                434.002046467775
            ]
        },
        "operating": {
            "feature_range": [
                -1.0,
                1.0
            ],
            "copy": true,
            "n_features_in_": 1,
            "n_samples_seen_": 1572,
            "scale_": [
                0.00032756328073293837
            ],
            "min_": [
                -1.359284416662768
            ],
            "data_min_": [
                1096.839718599875
            ],
            "data_max_": [
                7202.530184041866
            ],
            "data_range_": [
                6105.690465441991
            ]
        }
    }
}