{
    "input_channel_names": [
        "ws",
        "ti",
        "shear",
        "wdir",
        "dist"
    ],
    "output_channel_name": "MomentMx Mbdy:blade1 nodenr:   1 coo: blade1  blade root moment blade1",
    "wind_speed_cut_in": 4.0,
    "wind_speed_cut_out": 25.0,
    "wohler_exponent": 10,
    "input_scalers": {
        "below_cut_in": {
            "feature_range": [
                -3.0,
                3.0
            ],
            "copy": true,
            "n_features_in_": 5,
            "n_samples_seen_": 554,
            "scale_": [
                1.5462200544842188,
                4.012129994849656,
                10.060534187255557,
                0.06686493823099755,
                0.00791177589454105
            ],
            "min_": [
                -3.167624284306864,
                -3.0092687288302598,
                -2.029530267146278,
                -0.00630410099768941,
                -3.02388906238842
            ],
            "data_min_": [
                0.108409074,
                0.0023101766,
                -0.0964630421,
                -44.7722824279,
                3.0194311248
            ],
            "data_max_": [
                3.9888399238,
                1.4977751809,
                0.4999267607,
                44.9608446599,
                761.3826709304
            ],
            "data_range_": [
                3.8804308498,
                1.4954650043,
                0.5963898028,
                89.7331270878,
                758.3632398056
            ]
        },
        "above_cut_out": {
            "feature_range": [
                -3.0,
                3.0
            ],
            "copy": true,
            "n_features_in_": 5,
            "n_samples_seen_": 381,
            "scale_": [
                1.2140622644594963,
                16.960337051014342,
                10.117679016365761,
                0.06689106098517267,
                0.014764621348659447
            ],
            "min_": [
                -33.36063754712874,
                -3.024813405594229,
                -2.038527784944238,
                0.00027280480739033663,
                -3.0442990108335226
            ],
            "data_min_": [
                25.007479794,
                0.0014630255,
                -0.0950289304,
                -44.8531202917,
                3.0003485892
            ],
            "data_max_": [
                29.9495656949,
                0.3552295799,
                0.4979924523,
                44.8449636022,
                409.3771772469
            ],
            "data_range_": [
                4.942085900899997,
                0.3537665544,
                0.5930213827,
                89.6980838939,
                406.3768286577
            ]
        },
        "operating": {
            "feature_range": [
                -3.0,
                3.0
            ],
            "copy": true,
            "n_features_in_": 5,
            "n_samples_seen_": 4053,
            "scale_": [
                0.2858335836605978,
                11.363857407880912,
                10.00290919442841,
                0.06667875163956076,
                0.006205075461185885
            ],
            "min_": [
                -4.144501554717619,
                -3.0002574515987326,
                -1.9998034780112268,
                -4.013869147279081e-05,
                -3.018616903917642
            ],
            "data_min_": [
                4.0040835652,
                2.26553e-05,
                -0.099990563,
                -44.9912421505,
                3.0002703487
            ],
            "data_max_": [
                24.9953188258,
                0.5280123849,
                0.4998349361,
                44.992446093,
                969.9506382421
            ],
            "data_range_": [
                20.9912352606,
                0.5279897296,
                0.5998254991,
                89.9836882435,
                966.9503678934
            ]
        }
    },
    "output_scalers": {
        "below_cut_in": {
            "feature_range": [
                -1.0,
                1.0
            ],
            "copy": true,
            "n_features_in_": 1,
            "n_samples_seen_": 554,
            "scale_": [
                0.004349561028902145
            ],
            "min_": [
                -16.553393959688357
            ],
            "data_min_": [
                3575.8537140503418
            ],
            "data_max_": [
                4035.670230409192
            ],
            "data_range_": [
                459.8165163588501
            ]
        },
        "above_cut_out": {
            "feature_range": [
                -1.0,
                1.0
            ],
            "copy": true,
            "n_features_in_": 1,
            "n_samples_seen_": 381,
            "scale_": [
                0.0034616140545169777
            ],
            "min_": [
                -11.851005307400136
            ],
            "data_min_": [
                3134.6664118262743
            ],
            "data_max_": [
                3712.431572384901
            ],
            "data_range_": [
                577.7651605586266
            ]
        },
        "operating": {
            "feature_range": [
                -1.0,
                1.0
            ],
            "copy": true,
            "n_features_in_": 1,
            "n_samples_seen_": 4053,
            "scale_": [
                0.00031435293254828794
            ],
            "min_": [
                -1.3357513527498337
            ],
            "data_min_": [
                1068.0713236173126
            ],
            "data_max_": [
                7430.34694734727
            ],
            "data_range_": [
                6362.275623729957
            ]
        }
    }
}