{
    "input_channel_names": [
        "ti",
        "ws",
        "shear"
    ],
    "output_channel_name": "MomentMy Mbdy:blade1 nodenr:   1 coo: blade1  blade root moment blade1",
    "wind_speed_cut_in": 4.0,
    "wind_speed_cut_out": 25.0,
    "wohler_exponent": 10,
    "input_scalers": {
        "below_cut_in": {
            "feature_range": [
                -3.0,
                3.0
            ],
            "copy": true,
            "n_features_in_": 3,
            "n_samples_seen_": 290,
            "scale_": [
                4.093931847815023,
                1.5527559984108794,
                10.034296914116865
            ],
            "min_": [
                -3.00460564098673,
                -3.206397077344649,
                -2.0024497794364287
            ],
            "data_min_": [
                0.0011249921,
                0.1329230591,
                -0.0994140625
            ],
            "data_max_": [
                1.4667087446,
                3.997020191,
                0.4985351562
            ],
            "data_range_": [
                1.4655837525,
                3.8640971319,
                0.5979492187
            ]
        },
        "above_cut_out": {
            "feature_range": [
                -3.0,
                3.0
            ],
            "copy": true,
            "n_features_in_": 3,
            "n_samples_seen_": 138,
            "scale_": [
                17.108732300045514,
                1.2235952583871186,
                10.058939096267192
            ],
            "min_": [
                -3.028362517654116,
                -33.59896481247119,
                -2.0029469543104126
            ],
            "data_min_": [
                0.0016577802,
                25.0074234946,
                -0.0991210938
            ],
            "data_max_": [
                0.3523558854,
                29.9110057526,
                0.4973632812
            ],
            "data_range_": [
                0.3506981052,
                4.903582258,
                0.596484375
            ]
        },
        "operating": {
            "feature_range": [
                -3.0,
                3.0
            ],
            "copy": true,
            "n_features_in_": 3,
            "n_samples_seen_": 1572,
            "scale_": [
                11.79559835553993,
                0.28710421679370607,
                10.014669925814587
            ],
            "min_": [
                -3.000817363012889,
                -4.148878985987874,
                -2.0014669922476362
            ],
            "data_min_": [
                6.92939e-05,
                4.0016095856,
                -0.0997070313
            ],
            "data_max_": [
                0.5087336125,
                24.8999442287,
                0.4994140625
            ],
            "data_range_": [
                0.5086643186,
                20.8983346431,
                0.5991210938
            ]
        }
    },
    "output_scalers": {
        "below_cut_in": {
            "feature_range": [
                -1.0,
                1.0
            ],
            "copy": true,
            "n_features_in_": 1,
            "n_samples_seen_": 290,
            "scale_": [
                0.003217829437758253
            ],
            "min_": [
                -2.241711711671581
            ],
            "data_min_": [
                385.8848754073917
            ],
            "data_max_": [
                1007.4218582355832
            ],
            "data_range_": [
                621.5369828281914
            ]
        },
        "above_cut_out": {
            "feature_range": [
                -1.0,
                1.0
            ],
            "copy": true,
            "n_features_in_": 1,
            "n_samples_seen_": 138,
            "scale_": [
                0.006414867921372538
            ],
            "min_": [
                -5.543090761343728
            ],
            "data_min_": [
                708.2126735933917
            ],
            "data_max_": [
                1019.9883834777
            ],
            "data_range_": [
                311.7757098843083
            ]
        },
        "operating": {
            "feature_range": [
                -1.0,
                1.0
            ],
            "copy": true,
            "n_features_in_": 1,
            "n_samples_seen_": 1572,
            "scale_": [
                0.0021491953622476507
            ],
            "min_": [
                -11.971056356553449
            ],
            "data_min_": [
                5104.727354836558
            ],
            "data_max_": [
                6035.308182960242
            ],
            "data_range_": [
                930.5808281236841
            ]
        }
    }
}