{
    "input_channel_names": [
        "ws",
        "ti",
        "shear",
        "wdir",
        "dist"
    ],
    "output_channel_name": "generator_servo inpvec   2  2: pelec [w]",
    "wind_speed_cut_in": 4.0,
    "wind_speed_cut_out": 25.0,
    "wohler_exponent": NaN,
    "input_scalers": {
        "operating": {
            "feature_range": [
                -3.0,
                3.0
            ],
            "copy": true,
            "n_features_in_": 5,
            "n_samples_seen_": 4053,
            "scale_": [
                0.2858335836605978,
                11.363857407880912,
                10.00290919442841,
                0.06667875163956076,
                0.006205075461185885
            ],
            "min_": [
                -4.144501554717619,
                -3.0002574515987326,
                -1.9998034780112268,
                -4.013869147279081e-05,
                -3.018616903917642
            ],
            "data_min_": [
                4.0040835652,
                2.26553e-05,
                -0.099990563,
                -44.9912421505,
                3.0002703487
            ],
            "data_max_": [
                24.9953188258,
                0.5280123849,
                0.4998349361,
                44.992446093,
                969.9506382421
            ],
            "data_range_": [
                20.9912352606,
                0.5279897296,
                0.5998254991,
                89.9836882435,
                966.9503678934
            ]
        }
    },
    "output_scalers": {
        "operating": {
            "feature_range": [
                -1.0,
                1.0
            ],
            "copy": true,
            "n_features_in_": 1,
            "n_samples_seen_": 4053,
            "scale_": [
                6.105886657548688e-07
            ],
            "min_": [
                -1.075968492046864
            ],
            "data_min_": [
                124418.44453981868
            ],
            "data_max_": [
                3399946.000439348
            ],
            "data_range_": [
                3275527.5558995297
            ]
        }
    }
}