{
    "input_channel_names": [
        "U",
        "TI",
        "Alpha",
        "Yaw"
    ],
    "output_channel_name": "Power",
    "wind_speed_cut_in": 5,
    "wind_speed_cut_out": 25,
    "wohler_exponent": 4,
    "input_scalers": {
        "operating": {
            "feature_range": [
                -1.0,
                1.0
            ],
            "copy": true,
            "clip": false,
            "n_features_in_": 4,
            "n_samples_seen_": 71160,
            "scale_": [
                0.10019186742612102,
                0.047391118904317325,
                3.646967027224062,
                0.025
            ],
            "min_": [
                -1.5043558414363507,
                -1.1185251883796976,
                -0.6406391747351253,
                -0.25
            ],
            "data_min_": [
                5.0339,
                2.501,
                -0.0985369,
                -30.0
            ],
            "data_max_": [
                24.9956,
                44.703,
                0.449864,
                50.0
            ],
            "data_range_": [
                19.9617,
                42.202000000000005,
                0.5484009,
                80.0
            ]
        }
    },
    "output_scalers": {
        "operating": {
            "feature_range": [
                -0.7,
                0.7
            ],
            "copy": true,
            "clip": false,
            "n_features_in_": 1,
            "n_samples_seen_": 71160,
            "scale_": [
                0.0001352712335524984
            ],
            "min_": [
                -0.7574653858092584
            ],
            "data_min_": [
                424.8160107666666
            ],
            "data_max_": [
                10774.39265935
            ],
            "data_range_": [
                10349.576648583334
            ]
        }
    }
}