{
    "input_channel_names": [
        "ws",
        "ti",
        "shear",
        "wdir",
        "dist"
    ],
    "output_channel_name": "MomentMz Mbdy:shaft nodenr:   3 coo: shaft  main bearing moment",
    "wind_speed_cut_in": 4.0,
    "wind_speed_cut_out": 25.0,
    "wohler_exponent": NaN,
    "input_scalers": {
        "operating": {
            "feature_range": [
                -4.0,
                4.0
            ],
            "copy": true,
            "n_features_in_": 5,
            "n_samples_seen_": 3837,
            "scale_": [
                0.3811095004271243,
                15.277965481111076,
                13.337554618242715,
                0.08889835364906937,
                0.008561220781432892
            ],
            "min_": [
                -5.524981689358597,
                -4.0008155118248405,
                -2.6677115744870976,
                3.337518002854978e-05,
                -4.025685906955127
            ],
            "data_min_": [
                4.0014265917,
                5.33783e-05,
                -0.0998900071,
                -44.9955844061,
                3.0002621835
            ],
            "data_max_": [
                24.9927689514,
                0.5236833086,
                0.4999200952,
                44.9948335445,
                937.4464357187
            ],
            "data_range_": [
                20.9913423597,
                0.5236299303,
                0.5998101023,
                89.9904179506,
                934.4461735351999
            ]
        }
    },
    "output_scalers": {
        "operating": {
            "feature_range": [
                -1.0,
                1.0
            ],
            "copy": true,
            "n_features_in_": 1,
            "n_samples_seen_": 3838,
            "scale_": [
                0.00253849302661858
            ],
            "min_": [
                -1.0
            ],
            "data_min_": [
                0.0
            ],
            "data_max_": [
                787.8690148162889
            ],
            "data_range_": [
                787.8690148162889
            ]
        }
    }
}