{
    "input_channel_names": [
        "ws",
        "ti",
        "shear"
    ],
    "output_channel_name": "generator_servo inpvec   2  2: pelec [w]",
    "wind_speed_cut_in": 4.0,
    "wind_speed_cut_out": 25.0,
    "wohler_exponent": NaN,
    "input_scalers": {
        "operating": {
            "feature_range": [
                -4.0,
                4.0
            ],
            "copy": true,
            "n_features_in_": 3,
            "n_samples_seen_": 1565,
            "scale_": [
                0.38140425942903444,
                15.512396901553764,
                13.352893234419449
            ],
            "min_": [
                -5.527767728773947,
                -4.001077368540846,
                -2.668622656330182
            ],
            "data_min_": [
                4.0056388753,
                6.94521e-05,
                -0.0997070313
            ],
            "data_max_": [
                24.9807585868,
                0.5157860142,
                0.4994140625
            ],
            "data_range_": [
                20.9751197115,
                0.5157165621,
                0.5991210938
            ]
        }
    },
    "output_scalers": {
        "operating": {
            "feature_range": [
                -1.0,
                1.0
            ],
            "copy": true,
            "n_features_in_": 1,
            "n_samples_seen_": 1565,
            "scale_": [
                6.348031534262567e-07
            ],
            "min_": [
                -1.1583373927550151
            ],
            "data_min_": [
                249427.5460044776
            ],
            "data_max_": [
                3400010.508936048
            ],
            "data_range_": [
                3150582.9629315706
            ]
        }
    }
}