{
    "input_channel_names": [
        "ws",
        "ti",
        "shear"
    ],
    "output_channel_name": "Aero rotor thrust",
    "wind_speed_cut_in": 4.0,
    "wind_speed_cut_out": 25.0,
    "wohler_exponent": NaN,
    "input_scalers": {
        "below_cut_in": {
            "feature_range": [
                -4.0,
                4.0
            ],
            "copy": true,
            "n_features_in_": 3,
            "n_samples_seen_": 308,
            "scale_": [
                2.077667186797471,
                5.45739665679305,
                13.37906255215582
            ],
            "min_": [
                -4.273422763436555,
                -4.0044113992691726,
                -2.669933039248572
            ],
            "data_min_": [
                0.1316008479,
                0.000808334,
                -0.0994140625
            ],
            "data_max_": [
                3.9820731713,
                1.4667087446,
                0.4985351562
            ],
            "data_range_": [
                3.8504723234,
                1.4659004106,
                0.5979492187
            ]
        },
        "above_cut_out": {
            "feature_range": [
                -4.0,
                4.0
            ],
            "copy": true,
            "n_features_in_": 3,
            "n_samples_seen_": 127,
            "scale_": [
                1.7038105156133243,
                22.784779731253494,
                13.411918795022922
            ],
            "min_": [
                -46.75667134943951,
                -4.037787449843989,
                -2.67059593908055
            ],
            "data_min_": [
                25.0947338085,
                0.0016584514,
                -0.0991210938
            ],
            "data_max_": [
                29.7900916119,
                0.3527700309,
                0.4973632812
            ],
            "data_range_": [
                4.6953578034,
                0.3511115795,
                0.596484375
            ]
        },
        "operating": {
            "feature_range": [
                -4.0,
                4.0
            ],
            "copy": true,
            "n_features_in_": 3,
            "n_samples_seen_": 1565,
            "scale_": [
                0.38140425942903444,
                15.512396901553764,
                13.352893234419449
            ],
            "min_": [
                -5.527767728773947,
                -4.001077368540846,
                -2.668622656330182
            ],
            "data_min_": [
                4.0056388753,
                6.94521e-05,
                -0.0997070313
            ],
            "data_max_": [
                24.9807585868,
                0.5157860142,
                0.4994140625
            ],
            "data_range_": [
                20.9751197115,
                0.5157165621,
                0.5991210938
            ]
        }
    },
    "output_scalers": {
        "below_cut_in": {
            "feature_range": [
                -1.0,
                1.0
            ],
            "copy": true,
            "n_features_in_": 1,
            "n_samples_seen_": 308,
            "scale_": [
                0.13709055372598483
            ],
            "min_": [
                1.0048702552595885
            ],
            "data_min_": [
                -14.624423060299998
            ],
            "data_max_": [
                -0.0355258267416666
            ],
            "data_range_": [
                14.588897233558331
            ]
        },
        "above_cut_out": {
            "feature_range": [
                -1.0,
                1.0
            ],
            "copy": true,
            "n_features_in_": 1,
            "n_samples_seen_": 127,
            "scale_": [
                0.30061322005685887
            ],
            "min_": [
                -4.363538100692795
            ],
            "data_min_": [
                11.188922762800004
            ],
            "data_max_": [
                17.841990114999998
            ],
            "data_range_": [
                6.653067352199994
            ]
        },
        "operating": {
            "feature_range": [
                -1.0,
                1.0
            ],
            "copy": true,
            "n_features_in_": 1,
            "n_samples_seen_": 1565,
            "scale_": [
                0.004458316175867553
            ],
            "min_": [
                -1.4720886807379039
            ],
            "data_min_": [
                105.88945739049996
            ],
            "data_max_": [
                554.4893146248999
            ],
            "data_range_": [
                448.5998572343999
            ]
        }
    }
}